profID,firstName,lastName,gender,email,contactNumber
1,Noli,Lucila,M,nolilucila@bumail.com,09123456789
2,Rodel,Naz,M,rodelnaz@bumail.com,09234567891
3,Ron,Mendonez,M,ronmendonez@bumail.com,09345678912
4,Mike,Brogada,M,mikebrogada@bumail.com,09456789123
5,Jennifer,Llovido,F,jenniferllovido@bumail.com,09567891234
6,Gerimel,Bulawan,M,gerimelbulawan@bumail.com,09678912345
7,Carolina,Boyon,F,carolinaboyon@bumail.com,09789123456
8,Franklin,Miranda,M,franklinmiranda@bumail.com,09891234567
9,Laarni,Pancho,F,laarnipancho@bumail.com,09912345678
10,Jayvee,Vibar,M,jayveevibar@bumail.com,09102345466
